Constituency	Aljunied GRC, Aljunied Group Representation Constituency
Constituency	Ang Mo Kio GRC, Ang Mo Kio Group Representation Constituency
Constituency	Bishan-Toa Payoh GRC, Bishan-Toa Payoh Group Representation Constituency
Constituency	Bukit Batok SMC, Bukit Batok Single Member Constituency
Constituency	Bukit Panjang SMC, Bukit Panjang Single Member Constituency
Constituency	Chua Chu Kang GRC, Chua Chu Kang Group Representation Constituency
Constituency	East Coast GRC, East Coast Group Representation Constituency
Constituency	Fengshan SMC, Fengshan Single Member Constituency
Constituency	Holland-Bukit Timah GRC, Holland-Bukit Timah Group Representation Constituency
Constituency	Hong Kah North SMC, Hong Kah North Single Member Constituency
Constituency	Hougang SMC, Hougang Single Member Constituency
Constituency	Jalan Besar GRC, Jalan Besar Group Representation Constituency
Constituency	Jurong GRC, Jurong Group Representation Constituency
Constituency	MacPherson SMC, MacPherson Single Member Constituency
Constituency	Marine Parade GRC, Marine Parade Group Representation Constituency
Constituency	Marsiling-Yew Tee GRC, Marsiling-Yew Tee Group Representation Constituency
Constituency	Mountbatten SMC, Mountbatten Single Member Constituency
Constituency	Nee Soon GRC, Nee Soon Group Representation Constituency
Constituency	Pasir Ris-Punggol GRC, Pasir Ris-Punggol Group Representation Constituency
Constituency	Pioneer SMC, Pioneer Single Member Constituency
Constituency	Potong Pasir SMC, Potong Pasir Single Member Constituency
Constituency	Punggol East SMC, Punggol East Single Member Constituency
Constituency	Radin Mas SMC, Radin Mas Single Member Constituency
Constituency	Sembawang GRC, Sembawang Group Representation Constituency
Constituency	Sengkang West SMC, Sengkang West Single Member Constituency
Constituency	Tampines GRC, Tampines Group Representation Constituency
Constituency	Tanjong Pagar GRC, Tanjong Pagar Group Representation Constituency
Constituency	West Coast GRC, West Coast Group Representation Constituency
Constituency	Yuhua SMC, Yuhua Single Member Constituency
Party	Democratic Progressive Party, DPP
Party	National Solidarity Party, NSP
Party	People's Action Party, People’s Action Party, PAP
Party	People's Liberal Democratic Party, People’s Liberal Democratic Party, PLDP
Party	People's Power Party, People’s Power Party, PPP
Party	Reform Party, RP
Party	Singapore Democratic Alliance, SDA
Party	Singapore Democratic Party, SDP
Party	Singapore People's Party, Singapore People’s Party, SPP
Party	Singaporeans First, SingFirst
Party	Workers' Party, Workers’ Party, WP
Person	Abdillah Zamzuri
Person	Abdul Rasheed
Person	Abu Mohamed
Person	Adeline Chan
Person	Adrian Sim, Adrian Sim Tian Hock
Person	Alex Yam, Alex Yam Ziming
Person	Aloysius Chan
Person	Alvin Yeo
Person	Amos Yee
Person	Amrin Amin
Person	Amy Khor, Amy Khor Lean Suan
Person	Andy Zhu
Person	Ang Hin Kee
Person	Ang Wei Neng
Person	Ang Yong Guan
Person	Arbind Tirwari
Person	Arthero Lim
Person	Arthur Fong
Person	Baey Yam Keng
Person	Benedict Tan
Person	Benjamin Pwee
Person	Bernard Chen, Bernard Chen Jiaxi
Person	Bryan Lim
Person	Bryan Long
Person	Cedric Foo, Cedric Foo Chee Keng
Person	Chan Chun Sing
Person	Chan Hui Yeh
Person	Charles Chong
Person	Chee Hong Tat
Person	Chee Soon Juan
Person	Chen Show Mao
Person	Cheng Li Hui
Person	Cheo Chai Chen
Person	Cheryl Chan, Cheryl Chan Wei Ling
Person	Cheryl Denise Loh, Cheryl Loh
Person	Chia Ser Lin
Person	Chia Shi Lu, Chia Shi-Lu
Person	Chia Yong Yong
Person	Chiam See Tong
Person	Chirag Desai
Person	Chong Kee Hiong
Person	Chong Wai Fung
Person	Choong Hong Heng
Person	Christopher De Souza
Person	Chua Eng Leong
Person	Damanhuri Abas
Person	Daniel Goh, Daniel Goh Pei Siong
Person	Darren Soh
Person	Darryl David
Person	David Foo, David Foo Ming Jin, Foo Ming Jin
Person	David Ong, David Ong Kim Huat
Person	Denise Phua, Denise Phua Lay Peng
Person	Dennis Tan, Dennis Tan Lip Fong
Person	Desmond Choo
Person	Desmond Lee
Person	Desmond Lim, Desmond Lim Bak Chuan
Person	Dylan Ng, Dylan Ng Foo Eng
Person	Edwin Fernandez
Person	Edwin Tong, Edwin Tong Chun Fai
Person	Ellen Lee
Person	Elvin Ong
Person	Ernest Pak
Person	Eugene Yeo
Person	Fahmi Rais
Person	Fatimah Akhtar
Person	Fatimah Lateef
Person	Firuz Khan
Person	Fong Chin Leong
Person	Foo Mee Har
Person	Frieda Chan
Person	Gan Kim Yong
Person	Gan Thiam Poh
Person	Gerald Giam, Gerald Giam Yean Song
Person	Gilbert Goh
Person	Goh Chok Tong, SM Goh, ESM Goh
Person	Goh Meng Seng
Person	Grace Fu, Grace Fu Hai Yien
Person	Gregory Wong, Gregory Wong Chee Wai, Wong Chee Wai 
Person	Gurmit Singh
Person	Halimah Yacob
Person	Han Hui Hui
Person	Harminder Pal Singh
Person	Hawazi Daipi
Person	Hazel Poa
Person	He Ting Ru
Person	Heng Chee How
Person	Heng Swee Keat
Person	Henry Kwek
Person	Hri Kumar Nair
Person	Inderjit Singh
Person	Indranee Rajah
Person	Intan Azura Binte Mokhtar, Intan Azura Mokhtar
Person	Irene Ng, Irene Ng Phek Hoong
Person	Ismail Mohamed Yaacob
Person	Ismail Muhammad Hanif
Person	Janil Puthucheary
Person	Jaslyn Go, Jaslyn Go Hui Leng
Person	Jeanette Chong-Aruldoss, Jeanette Chong Aruldoss
Person	Jeffrey George
Person	Jesse Loo
Person	Jessica Tan, Jessica Tan Soon Neo
Person	Joan Pereira
Person	John Tan
Person	John Yam, John Yam Poh Nam
Person	Josephine Teo
Person	Juliana Juwahir
Person	K Karthikeyan
Person	K Muralidharan Pillai, Muralidharan Pillai
Person	K Shanmugam
Person	Kahar Hassan
Person	Kenneth Foo, Kenneth Foo Seck Guan
Person	Kenneth Jeyaretnam
Person	Kevryn Lim
Person	Khaw Boon Wan
Person	Khung Wai Yeen
Person	Koh Choong Yong
Person	Koh Poh Koon
Person	Kuik Shiao Yin
Person	Kumar Appavoo
Person	Kuswadi Atnawi
Person	L Somasundaram
Person	Lai Chung Han
Person	Lam Pin Min
Person	Law Kim Hwee
Person	Lawrence Wong
Person	Lee Bee Wah
Person	Lee Hong Chuang
Person	Lee Hsien Loong, PM Lee
Person	Lee Kuan Yew, LYK, MM Lee
Person	Lee Li Lian
Person	Lee Seow Hiang
Person	Lee Tze Shih
Person	Lee Yi Shyan
Person	Leon Perera
Person	Leong Yan Hoi
Person	Liang Eng Hwa
Person	Lily Neo
Person	Lim Biow Chuan
Person	Lim Boon Heng
Person	Lim Hng Kiang
Person	Lim Kim Soon
Person	Lim Swee Say
Person	Lim Tean
Person	Lim Wee Kiak
Person	Lina Ang
Person	Lina Loh, Lina Loh Woon Lee, Lina Chiam
Person	Loke Hoe Yeong
Person	Louis Ng
Person	Low Thia Khiang
Person	Low Wai Choo
Person	Low Yen Ling
Person	Lui Tuck Yew
Person	Luke Koh
Person	M Ravi
Person	Mah Bow Tan
Person	Masagos Zulkifli, Masagos Zulkifli Bin Masagos Mohamad
Person	Melvin Yong
Person	Melvyn Chiu, Melvyn Chiu Weng Hoe, Melvyn Chew Weng Hoe
Person	Melvyn Ong, Melvyn Ong Su Kiat
Person	Mohamad Hamim Aliyas, Hamim Aliyas, Mohamad Hamim bin Aliyas
Person	Mohamad Maliki Bin Osman, Maliki Osman
Person	Mohamed Fairoz Shariff
Person	Mohamed Fazli Talip
Person	Mohammed Rahizan bin Yaacob
Person	Mohd Ismail Hussein
Person	Muhamad Faisal Bin Abdul Manap
Person	Muhammad Faishal Ibrahim
Person	Nadine Yap
Person	Ng Chee Meng, LG Ng
Person	Ng Eng Hen
Person	Ng Wai Choong
Person	Nor Lella Mardiiah Mohamed, Nor Lella
Person	Noraini Yunus
Person	Ong Teik Seng
Person	Ong Teng Koon
Person	Ong Ye Kung
Person	Ooi Boon Ewe
Person	Osman Bin Sulaiman, Osman Sulaiman
Person	Patrick Tay, Patrick Tay Teck Guan
Person	Paul Tambyah, Paul Ananth Tambyah
Person	Penny Low
Person	Png Eng Huat
Person	Prabu Ramachandran
Person	Pritam Singh
Person	Rahayu Mahzam
Person	Randolph Tan
Person	Ravi Philemon
Person	Raymond Lim, Raymond Lim Siang Keat
Person	Redzwan Hafidz Abdul Razak
Person	Rita Soh, Rita Soh Siow Lan
Person	Ron Tan, Ron Tan Jun Yen
Person	Roy Ngerng, Roy Ngerng Yi Ling
Person	S Iswaran
Person	Sadasivam Veriyah
Person	Saktiandi Supaat
Person	Sam Tan, Sam Tan Chin Siong
Person	Samir Salim
Person	Seah Kian Peng
Person	Sebastian Teo, Sebastian Teo Kway Huang
Person	Seng Han Thong
Person	Shamsul Kamar
Person	Shirwin Eu
Person	Sidek Mallek
Person	Sim Ann
Person	Sitoh Yih Pin
Person	Siva Chandran
Person	Sofyan Ahmad Joyri
Person	Spencer Ng
Person	Steve Chia, Steve Chia Kiah Hong
Person	Sukdeu Singh
Person	Sun Xueling
Person	Syafarin Sarif
Person	Sylvia Lim
Person	Tan Chuan Jin, Tan Chuan-Jin
Person	Tan Jee Say
Person	Tan Jui Koon
Person	Tan Lam Siong
Person	Tan Lip Hong
Person	Tan Peng Ann
Person	Tan Tai Yong
Person	Tan Wu Meng
Person	Teo Chee Hean, DPM Teo
Person	Teo Ho Pin
Person	Teo Ser Luck
Person	Terence Tan
Person	Tharman Shanmugaratnam, DPM Tharman
Person	Thomas Chua, Thomas Chua Kee Seng
Person	Tin Pei Ling
Person	Victor Lye
Person	Vikram Nair
Person	Vivian Balakrishnan
Person	Wilfred Leung
Person	William Lim, William Lim Chin Lian
Person	Winston Lim
Person	Wong Chee Wai
Person	Wong Kan Seng
Person	Wong Soon Hong
Person	Wong Souk Yee
Person	Wong Way Weng
Person	Yaacob Ibrahim
Person	Yadzeth Haris
Person	Yam Ah Mee
Person	Yee Chia Hsing
Person	Yee Jenn Jong
Person	Yeo Guat Kwang
Person	Zainal Bin Sapari
Person	Zainudin Nordin
Person	Zaqy Mohamad
Person	Zeng Guoyuan